Name,Ids,Date,Time
siddgarth,123,"09, 12, 2023","10, 32, 57"
yash,12,"09, 12, 2023","10, 34, 47"
maya,89,"09, 12, 2023","10, 42, 41"
maya,89,"09, 12, 2023","10, 42, 53"
maya,89,"09, 12, 2023","10, 44, 01"
maya,89,"17, 12, 2023","11, 17, 12"
maya,89,"22, 12, 2023","10, 33, 31"
maya,89,"22, 12, 2023","10, 33, 33"
maya,45,"04, 01, 2024","22, 47, 28"
maya,65,"04, 01, 2024","22, 51, 39"
maya,45,"04, 01, 2024","22, 57, 06"
maya,65,"04, 01, 2024","22, 57, 59"
maya,12,"04, 01, 2024","22, 58, 56"
maya,65,"04, 01, 2024","22, 59, 37"
